"DESCRIPTION","DURATION IN MS","NAME","PARENT SUITE","START TIME","STATUS","STOP TIME","SUB SUITE","SUITE","TEST CLASS","TEST METHOD"
"","4020","POST reopen Task -- @1.1 ","","Fri Nov 29 08:14:43 GMT 2024","passed","Fri Nov 29 08:14:47 GMT 2024","","","",""
"","135","POST update Task - Negative Scenario -- @1.1 ","","Fri Nov 29 08:14:40 GMT 2024","passed","Fri Nov 29 08:14:40 GMT 2024","","","",""
"","2499","POST update Task -- @1.1 ","","Fri Nov 29 08:14:37 GMT 2024","passed","Fri Nov 29 08:14:40 GMT 2024","","","",""
"","392","POST Create new Task - Negative Scenario -- @1.1 ","","Fri Nov 29 08:14:33 GMT 2024","passed","Fri Nov 29 08:14:34 GMT 2024","","","",""
"","168","DELETE a Project - Negative Scenario -- @1.1 ","","Fri Nov 29 08:14:25 GMT 2024","passed","Fri Nov 29 08:14:25 GMT 2024","","","",""
"","1526","DELETE a Task -- @1.1 ","","Fri Nov 29 08:14:47 GMT 2024","passed","Fri Nov 29 08:14:49 GMT 2024","","","",""
"","130","GET active Project - Negative Scenario","","Fri Nov 29 08:14:18 GMT 2024","passed","Fri Nov 29 08:14:18 GMT 2024","","","",""
"","1508","POST Create new Task -- @1.1 ","","Fri Nov 29 08:14:32 GMT 2024","passed","Fri Nov 29 08:14:33 GMT 2024","","","",""
"","3221","POST update Project -- @1.1 ","","Fri Nov 29 08:14:18 GMT 2024","passed","Fri Nov 29 08:14:21 GMT 2024","","","",""
"","176","GET active Task - Negative Scenario","","Fri Nov 29 08:14:37 GMT 2024","passed","Fri Nov 29 08:14:37 GMT 2024","","","",""
"","201","DELETE a Task - Negative Scenario","","Fri Nov 29 08:14:49 GMT 2024","passed","Fri Nov 29 08:14:49 GMT 2024","","","",""
"","1650","POST Create new Project -- @1.1 ","","Fri Nov 29 08:14:12 GMT 2024","passed","Fri Nov 29 08:14:13 GMT 2024","","","",""
"","2630","POST close Task -- @1.1 ","","Fri Nov 29 08:14:40 GMT 2024","passed","Fri Nov 29 08:14:43 GMT 2024","","","",""
"","115","GET Project collaborators - Negative Scenario","","Fri Nov 29 08:14:27 GMT 2024","passed","Fri Nov 29 08:14:27 GMT 2024","","","",""
"","254","POST close Task - Negative Scenario","","Fri Nov 29 08:14:43 GMT 2024","passed","Fri Nov 29 08:14:43 GMT 2024","","","",""
"","2318","GET active Projects -- @1.1 ","","Fri Nov 29 08:14:09 GMT 2024","passed","Fri Nov 29 08:14:12 GMT 2024","","","",""
"","323","POST update Project - Negative Scenario -- @1.1 ","","Fri Nov 29 08:14:21 GMT 2024","passed","Fri Nov 29 08:14:21 GMT 2024","","","",""
"","3819","GET active Project -- @1.1 ","","Fri Nov 29 08:14:14 GMT 2024","passed","Fri Nov 29 08:14:18 GMT 2024","","","",""
"","3767","GET active Task -- @1.1 ","","Fri Nov 29 08:14:34 GMT 2024","passed","Fri Nov 29 08:14:37 GMT 2024","","","",""
"","4377","GET active Tasks -- @1.1 ","","Fri Nov 29 08:14:27 GMT 2024","passed","Fri Nov 29 08:14:32 GMT 2024","","","",""
"","264","POST Create new Project - Negative Scenario -- @1.1 ","","Fri Nov 29 08:14:13 GMT 2024","passed","Fri Nov 29 08:14:14 GMT 2024","","","",""
"","2307","GET Project collaborators -- @1.1 ","","Fri Nov 29 08:14:25 GMT 2024","passed","Fri Nov 29 08:14:27 GMT 2024","","","",""
"","161","POST reopen Task - Negative Scenario","","Fri Nov 29 08:14:47 GMT 2024","passed","Fri Nov 29 08:14:47 GMT 2024","","","",""
"","3436","DELETE a Project -- @1.1 ","","Fri Nov 29 08:14:21 GMT 2024","passed","Fri Nov 29 08:14:25 GMT 2024","","","",""
