"Status","Start Time","Stop Time","Duration in ms","Parent Suite","Suite","Sub Suite","Test Class","Test Method","Name","Description"
"passed","Fri Nov 29 05:56:05 GMT 2024","Fri Nov 29 05:56:07 GMT 2024","1352","","","","","","GET Project collaborators - Negative Scenario",""
"passed","Fri Nov 29 05:56:28 GMT 2024","Fri Nov 29 05:56:32 GMT 2024","3924","","","","","","POST reopen Task -- @1.1 ",""
"passed","Fri Nov 29 05:56:20 GMT 2024","Fri Nov 29 05:56:24 GMT 2024","4119","","","","","","GET active Task -- @1.1 ",""
"passed","Fri Nov 29 05:56:24 GMT 2024","Fri Nov 29 05:56:24 GMT 2024","120","","","","","","GET active Task - Negative Scenario",""
"passed","Fri Nov 29 05:55:57 GMT 2024","Fri Nov 29 05:56:05 GMT 2024","7911","","","","","","GET Project collaborators -- @1.1 ",""
"passed","Fri Nov 29 05:56:32 GMT 2024","Fri Nov 29 05:56:34 GMT 2024","1683","","","","","","DELETE a Task -- @1.1 ",""
"passed","Fri Nov 29 05:56:26 GMT 2024","Fri Nov 29 05:56:27 GMT 2024","424","","","","","","POST update Task - Negative Scenario -- @1.1 ",""
"passed","Fri Nov 29 05:55:53 GMT 2024","Fri Nov 29 05:55:53 GMT 2024","340","","","","","","POST update Project - Negative Scenario -- @1.1 ",""
"passed","Fri Nov 29 05:55:41 GMT 2024","Fri Nov 29 05:55:46 GMT 2024","5326","","","","","","GET active Project -- @1.1 ",""
"passed","Fri Nov 29 05:56:07 GMT 2024","Fri Nov 29 05:56:16 GMT 2024","9839","","","","","","GET active Tasks -- @1.1 ",""
"passed","Fri Nov 29 05:56:24 GMT 2024","Fri Nov 29 05:56:26 GMT 2024","2435","","","","","","POST update Task -- @1.1 ",""
"passed","Fri Nov 29 05:56:16 GMT 2024","Fri Nov 29 05:56:19 GMT 2024","2467","","","","","","POST Create new Task -- @1.1 ",""
"passed","Fri Nov 29 05:56:27 GMT 2024","Fri Nov 29 05:56:28 GMT 2024","1577","","","","","","POST close Task -- @1.1 ",""
"passed","Fri Nov 29 05:55:47 GMT 2024","Fri Nov 29 05:55:53 GMT 2024","5932","","","","","","POST update Project -- @1.1 ",""
"passed","Fri Nov 29 05:55:46 GMT 2024","Fri Nov 29 05:55:47 GMT 2024","651","","","","","","GET active Project - Negative Scenario",""
"passed","Fri Nov 29 05:56:34 GMT 2024","Fri Nov 29 05:56:34 GMT 2024","184","","","","","","DELETE a Task - Negative Scenario",""
"passed","Fri Nov 29 05:56:19 GMT 2024","Fri Nov 29 05:56:20 GMT 2024","755","","","","","","POST Create new Task - Negative Scenario -- @1.1 ",""
"passed","Fri Nov 29 05:55:57 GMT 2024","Fri Nov 29 05:55:57 GMT 2024","88","","","","","","DELETE a Project - Negative Scenario -- @1.1 ",""
"passed","Fri Nov 29 05:56:32 GMT 2024","Fri Nov 29 05:56:32 GMT 2024","102","","","","","","POST reopen Task - Negative Scenario",""
"passed","Fri Nov 29 05:56:28 GMT 2024","Fri Nov 29 05:56:28 GMT 2024","102","","","","","","POST close Task - Negative Scenario",""
"passed","Fri Nov 29 05:55:53 GMT 2024","Fri Nov 29 05:55:57 GMT 2024","3750","","","","","","DELETE a Project -- @1.1 ",""
"passed","Fri Nov 29 05:55:40 GMT 2024","Fri Nov 29 05:55:41 GMT 2024","1403","","","","","","POST Create new Project -- @1.1 ",""
"passed","Fri Nov 29 05:55:37 GMT 2024","Fri Nov 29 05:55:40 GMT 2024","2308","","","","","","GET active Projects -- @1.1 ",""
"passed","Fri Nov 29 05:55:41 GMT 2024","Fri Nov 29 05:55:41 GMT 2024","233","","","","","","POST Create new Project - Negative Scenario -- @1.1 ",""
